﻿<?xml version="1.0" encoding="utf-8" ?>
<!--
0 - LengthValidation
1 - ValueValidation
2 - MandatoryCheck
3 - NumberValidation
4 - DateValidation
5 - ExternalRoutineCall - DLL is exist (initialy to check dll is exist)
-->
<ValidationRules>
  
  <ValidationRule ValidationId="1" ValidationName="NRICLengthValidation" ColumnNumber="1">
       <ValidationType>LengthValidation</ValidationType>
      <ValidationSize>9</ValidationSize>
      <ErrorMessage>Invalid NRIC</ErrorMessage>
 </ValidationRule>



  <ValidationRule ValidationId="2" ValidationName="NameValidation" ColumnNumber="2">
       <ValidationType>MandatoryCheck</ValidationType>
      <ErrorMessage>Invalid Name</ErrorMessage>
  </ValidationRule>

  <ValidationRule ValidationId="3" ValidationName="MHAAddressTypeValidation" ColumnNumber="3">
      <ValidationType>ValueValidation</ValidationType>
      <Values>
        <value>A</value>
        <value>B</value>
        <value>X</value>
        <value>C</value>
        <value>D</value>
        <value>E</value>
        <value>F</value>
        <value>Q</value>
        <value>I</value>
      </Values>
      <ErrorMessage>Invalid MHA Address Type</ErrorMessage>
  </ValidationRule>


    <ValidationRule ValidationId="4" ValidationName="PostCodeValidation_1" ColumnNumber="9">
        <ValidationType>NumberValidation</ValidationType>
        <ErrorMessage>Invalid Postal Code</ErrorMessage>
    </ValidationRule>


    <ValidationRule ValidationId="5" ValidationName="PostCodeValidation_2" ColumnNumber="9">
        <ValidationType>LengthValidation</ValidationType>
        <ValidationSize>6</ValidationSize>
        <ErrorMessage>Invalid Postal Code</ErrorMessage>
    </ValidationRule>


    <ValidationRule ValidationId="6" ValidationName="InvalidAddressTagValidation" ColumnNumber="10">
        <ValidationType>ValueValidation</ValidationType>
        <Values>
          <value>Y</value>
          <value>N</value>
         </Values>
        <ErrorMessage>Invalid Address Tag</ErrorMessage>
    </ValidationRule>


  <ValidationRule ValidationId="7" ValidationName="ResidentialAddressValidation" ColumnNumber="11">
      <ValidationType>ValueValidation</ValidationType>
      <Values>
        <value>C</value>
        <value>P</value>
      </Values>
      <ErrorMessage>Invalid Residential Address</ErrorMessage>
  </ValidationRule>

  <ValidationRule ValidationId="8" ValidationName="GenderValidation" ColumnNumber="12">
      <ValidationType>ValueValidation</ValidationType>
      <Values>
        <value>F</value>
        <value>M</value>
        <value>U</value>
      </Values>
      <ErrorMessage>Invalid Gender</ErrorMessage>
  </ValidationRule>


  <ValidationRule ValidationId="9" ValidationName="DateofBirthValidation" ColumnNumber="13">
      <ValidationType>DateValidation</ValidationType>
      <DateFormat>yyyyMMdd</DateFormat>
      <ErrorMessage>Invalid Date of Birth</ErrorMessage>
  </ValidationRule>

  <ValidationRule ValidationId="10" ValidationName="EthnicGroupValidation" ColumnNumber="14">
      <ValidationType>ValueValidation</ValidationType>
      <Values>
        <value>C</value>
        <value>M</value>
        <value>I</value>
        <value>O</value>
      </Values>
      <ErrorMessage>Invalid Ethnic Group</ErrorMessage>
  </ValidationRule>



  <!--<ValidationRule ValidationId="11" ValidationName="NRICExternalCallValidation" ColumnNumber="1">
    <ValidationType>ExternalRoutineCall</ValidationType>
    <DLL>
      <DLLName>N3PS.NRICValidation.dll</DLLName>
      <FullyQualififedClassName>N3PS.NRICValidation.NRICCheck</FullyQualififedClassName>
      <RoutineName IsStaticMethod="False" ReturnType="bool" InputType="string">IsValidNRIC</RoutineName>
    </DLL>
    <ErrorMessage>Given NRIC is not exist in DB.</ErrorMessage>
  </ValidationRule>




  <ValidationRule ValidationId="12" ValidationName="PostCodeExternalCallValidation" ColumnNumber="9">
    <ValidationType>ExternalRoutineCall</ValidationType>
    <DLL>
      <DLLName>N3PS.NRICValidation.dll</DLLName>
      <FullyQualififedClassName>N3PS.NRICValidation.NRICCheck</FullyQualififedClassName>
      <RoutineName IsStaticMethod="True" ReturnType="bool" InputType="string">IsValidPostCode</RoutineName>
    </DLL>
    <ErrorMessage>Given Postal Code is not exist in DB.</ErrorMessage>
  </ValidationRule>-->
 </ValidationRules>
